1,, BANDAI  GU25268  GUNPLA  RE  1-100  DIJEH.png 
2,, BANDAI  GUN15930  GUNPLA  BB  SINANJU.png 
3,, BANDAI  GUN28742  GUNPLA  BB  GUNDAM  ASTRAY  SENGOKU.png 
4,, BANDAI  GUN60583  GUNPLA  SD  CROSS  SILHOUETTE  NIGHTINGALE.png 
5,, BANDAI  GUN62935  GUNPLA  SD  CROSS  SILHOUETTE  PHENEX  DESTR  NARRATIVE.png 
6,, BANDAI  GUN086  GUNDAM  GUNPLA  NG  1ST  1  144  GUNDAM  RX-78.png 
7,, BANDAI  GUN70677  HGBDR  1  144  GUNDAM  GP-RASE-TWO-TEN.png 
8,, BANDAI  GUN82697  GUNDAM  GUNPLA  HG  1  144  216  UNICORN  GUNDAM  03  PHENEX  DESTROY  MODE  GOLD.png 
9,, BANDAI  GUNPLA  RG  1  144  ZETA  MSZ-006  GUNDAM.png 
10,, BANDAI  GUNPLA  RG  1  144  UNICORN  GUNDAM.png 
11,, BANDAI  GUNPLA  1  100  FULL  MECHANICS  BAEL  GUNDAM.png 
12,, BANDAI  GUN57025  GUNPLA  1  100  FULL  MECHANICS  BARBATOS  LUPUS  REX  SANS  SOCLE.png 
13,, BANDAI  BAN82243  GUNPLA  MG  1  100  00  QANT  TRANS-AM  MODE  SPECIAL  COATING.png 
14,, BANDAI  GUN16188  GUNPLA  MG  1  100  GUNDAM  RX-0  BANSHEE  TITANIUM.png 
15,, BANDAI  GUN73088  MGEX  1  100  GUNDAM  UNICORN  VER  KA.png 
16,, BANDAI  GUN55356  GUNPLA  HIRM  1  1OO  GUNDAM  ASTRAY  RED  FRAME  HI  RES  1  100.png 
17,, BANDAI  GUN66737  GUNPLA  HIRM  1  100  GUNDAM  ASTRAY  NOIR.png 
18,, BANDAI  GUNPLA  MSM  ZAKU  II  GREEN  GUNDAM.png 
19,, BANDAI  GUNPLA  MEGASIZE  GUNDAM  UNICORN.png 
20,, BANDAI  GUN16106  GUNPLA  PG  STRIKE  ROUGE  +  SKYGRASPER.png 
21,, BANDAI  GUN82392  GUNPLA  PG  GUNDAM  EXIA  KIT  LED.png 
22,, PACK  DECAL  N°118  MG  1  100  GM  SNIPER  GM  COMMAND.png 
23,, PACK  DECAL  N°111  RG  1  144  ASTRAY  RED  FRAME.png 
24,, BANDAI  GUN81428  GUNPLA  HGBC  1  144  SPINNING  BLASTER.png 
25,, BANDAI  ACTION  BASE  CUSTOMIZE  SCENE  BASE.png 
26,, Bandai  Tamashii  Double  Base  Transparente.png 
27,Red, BANDAI  SPIRITS  ENTRY  NIPPER  RED.png 
28,Blue, BANDAI  SPIRITS  ENTRY  NIPPER  BLUE.png 
29,White, BANDAI  SPIRITS  ENTRY  NIPPER  WHITE.png 
30,, VALLEJO  GUN58801  GUNPLA  PRECISION  9PCS.png 
31,, BANDAI  GUNPLA  MARKER  REAL  TOUCH  2  SET  6  GUNDAM.png 
32,, BANDAI  GUNPLA  MARKER  SEED  SET  6  GUNDAM.png 
33,, CLEANING  STATION  WITH  AIRBRUSH  HOLDER.png 
34,, VALLEJO  DIAMOND  FILE  SET  (5)  100mm.png 
35,, VALLEJO  EXTRA  FINE  CURVED  TWEEZERS.png 
36,, VALLEJO  MASKING  TAPE  10mmX18m  -  TWIN  PACK.png 
37,, VALLEJO  MASKING  TAPE  1mmX18m  -  TWIN  PACK.png 
38,, VALLEJO  Set  of  3  Flexi  Sanders  Dual-Grit  (80x30x6  mm).png 
39, Old  Gold , VALLEJO  MECHA  69  060  Old  Gold.png 
40,Copper, VALLEJO  MECHA  69  061  Copper.png 
41,Bronze, VALLEJO  MECHA  69  062  Bronze.png 
42,Steel, VALLEJO  MECHA  69  063  Steel.png 
43, Light  steel , VALLEJO  MECHA  69  064  Light  Steel.png 
44, Dark  Steel , VALLEJO  MECHA  69  065  Dark  Steel.png 
45, Mecha  Matt , VALLEJO  MECHA  69  702  Mecha  Matt  Varnish.png 
46,Ivory, VALLEJO  MECHA  PRIMER  70  643  Ivory.png 
47, Pure  White , VALLEJO  MECHA  69  001  Pure  White.png 
48,, VALLEJO  50012  MODEL  AIR  71172  COLOR  SET  AND  AIRBRUSH.png 
49,, FENGDA  COMPRESSOR  AS-18-3.png 
50,, H  S  AIRBRUSH  EVOLUTION  TWO  IN  ONE.png 
